{"cameraMode":{"drawMode":0,"name":"Shaded","section":"Shading Mode"},"sceneLighting":true,"audioPlay":false,"sceneViewState":{"showFog":true,"showMaterialUpdate":false,"showSkybox":true,"showFlares":true,"showImageEffects":true,"showParticleSystems":true},"in2DMode":false,"pivot":{"x":-7.172640800476074,"y":-3.157142162322998,"z":2.8977980613708498},"rotation":{"x":-0.22462184727191926,"y":0.5074887275695801,"z":-0.1389860063791275,"w":-0.8201726675033569},"size":12.471956253051758,"orthographic":false}