{"cameraMode":{"drawMode":0,"name":"Shaded","section":"Shading Mode"},"sceneLighting":true,"audioPlay":false,"sceneViewState":{"showFog":true,"showMaterialUpdate":false,"showSkybox":true,"showFlares":true,"showImageEffects":true,"showParticleSystems":true},"in2DMode":false,"pivot":{"x":0.6658844947814941,"y":2.578436851501465,"z":-1.451827049255371},"rotation":{"x":-0.008190926164388657,"y":0.97660231590271,"z":-0.2115449756383896,"w":-0.03781083971261978},"size":10.671955108642579,"orthographic":false}