{"cameraMode":{"drawMode":0,"name":"Shaded","section":"Shading Mode"},"sceneLighting":true,"audioPlay":false,"sceneViewState":{"showFog":true,"showMaterialUpdate":false,"showSkybox":true,"showFlares":true,"showImageEffects":true,"showParticleSystems":true},"in2DMode":false,"pivot":{"x":8.497373580932618,"y":8.890257835388184,"z":3.604296922683716},"rotation":{"x":-0.016498172655701639,"y":0.011998072266578675,"z":0.00019795738626271486,"w":0.9997919201850891},"size":30.075382232666017,"orthographic":false}