{"cameraMode":{"drawMode":0,"name":"Shaded","section":"Shading Mode"},"sceneLighting":true,"audioPlay":false,"sceneViewState":{"showFog":true,"showMaterialUpdate":false,"showSkybox":true,"showFlares":true,"showImageEffects":true,"showParticleSystems":true},"in2DMode":false,"pivot":{"x":-0.5956987142562866,"y":1.1460940837860108,"z":0.12841762602329255},"rotation":{"x":0.00898952130228281,"y":0.04797963425517082,"z":-0.00043183277011848986,"w":0.9988077878952026},"size":4.496706962585449,"orthographic":true}