{"cameraMode":{"drawMode":0,"name":"Shaded","section":"Shading Mode"},"sceneLighting":true,"audioPlay":false,"sceneViewState":{"showFog":true,"showMaterialUpdate":false,"showSkybox":true,"showFlares":true,"showImageEffects":true,"showParticleSystems":true},"in2DMode":false,"pivot":{"x":-2.187793016433716,"y":-2.9777300357818605,"z":4.7891950607299809},"rotation":{"x":-0.2516234219074249,"y":0.1949358433485031,"z":-0.05181814357638359,"w":-0.9465730786323547},"size":10.671955108642579,"orthographic":false}